app,kernel,class,t_base_ms,a_share,b_share,c_share,holdout_err_pct,gate
pb_2dconv,convolution2D_kernel,G1-bandwidth,0.65,0.247,1.012,-0.259,13.8,nonphysical
pb_3dconv,convolution3D_kernel,G1-bandwidth,1.113,0.41,0.433,0.157,3.0,ok
pb_2mm,mm2_kernel2,G3-l2-reuse,8.52,0.921,-0.004,0.083,0.9,ok
pb_2mm,mm2_kernel1,G3-l2-reuse,8.556,0.909,-0.004,0.095,1.0,ok
pb_3mm,mm3_kernel3,G3-l2-reuse,1.129,0.847,-0.003,0.155,1.5,ok
pb_3mm,mm3_kernel1,G3-l2-reuse,1.131,0.841,0.005,0.154,2.8,ok
pb_3mm,mm3_kernel2,G3-l2-reuse,1.114,0.856,0.044,0.099,1.8,ok
pb_atax,atax_kernel1,G3-l2-reuse,4.341,0.997,0.003,0.0,0.2,ok
pb_atax,atax_kernel2,G1-bandwidth,1.529,0.362,0.263,0.375,1.6,ok
pb_bicg,bicg_kernel1,G4-latency,1.466,0.341,0.283,0.376,1.7,ok
pb_bicg,bicg_kernel2,G2-coalescing,1.018,0.5,0.07,0.431,10.1,holdout-fail
pb_corr,corr_kernel,G3-l2-reuse,1335.685,0.987,-0.0,0.014,0.1,ok
pb_corr,std_kernel,G4-latency,0.359,0.686,0.001,0.313,2.2,ok
pb_corr,mean_kernel,G4-latency,0.737,0.346,0.284,0.369,1.5,ok
pb_corr,reduce_kernel,G1-bandwidth,0.088,0.82,0.0,0.18,0.5,ok
pb_covar,covar_kernel,G3-l2-reuse,1336.107,0.987,-0.0,0.013,0.1,ok
pb_covar,mean_kernel,G4-latency,0.736,0.345,0.283,0.372,1.6,ok
pb_covar,reduce_kernel,G1-bandwidth,0.019,0.75,0.026,0.224,0.2,ok
pb_fdtd_2d,fdtd_step3_kernel,G1-bandwidth,166.945,0.005,0.913,0.082,0.6,ok
pb_fdtd_2d,fdtd_step1_kernel,G1-bandwidth,114.738,0.046,0.861,0.093,2.2,ok
pb_fdtd_2d,fdtd_step2_kernel,G1-bandwidth,120.248,0.033,0.9,0.067,1.9,ok
pb_gemm,gemm_kernel,G3-l2-reuse,1.13,0.836,-0.008,0.172,1.5,ok
pb_gesummv,gesummv_kernel,G2-coalescing,2.099,0.581,-0.125,0.543,0.7,nonphysical
pb_mvt,mvt_kernel1,G3-l2-reuse,4.341,0.996,0.002,0.002,0.1,ok
pb_mvt,mvt_kernel2,G1-bandwidth,1.527,0.367,0.262,0.371,1.9,ok
pb_syr2k,syr2k_kernel,G3-l2-reuse,65.785,1.0,0.0,0.0,0.0,ok
pb_syrk,syrk_kernel,G3-l2-reuse,33.8,1.0,0.0,-0.0,0.0,ok
rod_gaussian,Fan2,G3-l2-reuse,1048.907,0.974,0.0,0.026,0.1,ok
rod_gaussian,Fan1,G2-coalescing,4.32,0.785,-0.0,0.215,1.6,ok
rod_lud,lud_internal,G1-bandwidth,89.358,0.689,0.22,0.091,1.1,ok
rod_lud,lud_perimeter,G6-onchip,4.919,0.942,0.02,0.037,0.0,ok
rod_lud,lud_diagonal,G7-dependency,3.211,0.938,0.015,0.047,0.3,ok
rod_nw,needle_cuda_shared_1,G4-latency,6.397,0.627,0.005,0.368,0.7,ok
rod_pathfinder,dynproc_kernel,G1-bandwidth,0.966,0.573,0.525,-0.098,9.6,nonphysical
rod_particlefilter,find_index_kernel,G5-compute,827.624,0.996,-0.006,0.01,0.9,ok
rod_particlefilter,likelihood_kernel,G5-compute,193.807,1.0,0.0,-0.0,0.0,ok
rod_particlefilter,normalize_weights_kernel,G0-nosignal,81.593,0.851,-0.0,0.149,1.0,ok
rod_particlefilter,sum_kernel,G6-onchip,0.086,0.837,0.03,0.133,0.8,ok
rod_streamcluster,kernel_compute_cost,G1-bandwidth,44.183,0.874,-0.001,0.126,1.0,ok
hb_accuracy,accuracy_kernel,G1-bandwidth,629.682,0.055,0.884,0.061,1.8,ok
hb_adam,adam,G5-compute,8.72,0.994,-0.0,0.006,0.0,ok
hb_adamw,fused_4bit_kernel,G1-bandwidth,27.784,0.983,0.0,0.016,0.1,ok
hb_addBiasQKV,FP8TrtAddQKVBiasKernel,G1-bandwidth,412.288,0.524,0.715,-0.239,14.8,nonphysical
hb_adv,advCubatureHex3D,G5-compute,12724.263,0.989,0.011,0.0,0.2,ok
hb_affine,affine,G2-coalescing,6257.924,0.859,0.002,0.139,0.7,ok
hb_aidw,AIDW_Kernel,G3-l2-reuse,6507.956,0.995,0.0,0.005,0.0,ok
hb_aidw,AIDW_Kernel_Tiled,G5-compute,4274.248,1.0,-0.0,0.0,0.0,ok
hb_aligned_types,testKernel,G1-bandwidth,7270.303,0.18,0.693,0.126,1.1,ok
hb_all_pairs_distance,k1,G3-l2-reuse,5138.746,0.947,0.0,0.053,0.1,ok
hb_amgmk,relax,G1-bandwidth,20.143,0.901,-0.002,0.101,0.5,ok
hb_aobench,render_kernel,G5-compute,31.664,0.995,-0.0,0.005,0.0,ok
hb_aop,compute_partial_beta_kernel,G5-compute,684.475,0.986,-0.0,0.015,0.1,ok
hb_aop,prepare_svd_kernel,G0-nosignal,115.841,0.974,0.065,-0.039,2.1,ok
hb_aop,generate_paths_kernel,G5-compute,96.115,0.999,0.001,0.0,0.0,ok
hb_aop,compute_final_beta_kernel,G6-onchip,189.862,0.972,0.0,0.028,0.2,ok
hb_aop,update_cashflow_kernel,G5-compute,75.477,0.925,0.0,0.075,0.4,ok
hb_asmooth,smoothingFilter,G3-l2-reuse,3179.574,0.739,0.006,0.255,3.3,ok
hb_asmooth,outFilter,G1-bandwidth,1066.938,0.83,0.074,0.096,0.8,ok
hb_asmooth,normalizeFilter,G1-bandwidth,409.227,0.079,0.828,0.093,1.7,ok
hb_asta,PTTWAC_soa_asta,G7-dependency,1689.621,0.723,0.068,0.208,1.2,ok
hb_atan2,compute_f,G1-bandwidth,57.738,0.138,0.903,-0.041,6.2,ok
hb_atomicAggregate,k,G5-compute,7110.687,0.849,-0.0,0.152,0.3,ok
hb_atomicCAS,atomicMinDerived,G3-l2-reuse,233.721,0.593,0.0,0.407,2.7,ok
hb_atomicCost,wiAtomicOnGlobalMem,G1-bandwidth,1503.681,0.007,0.886,0.108,0.2,ok
hb_atomicCost,woAtomicOnGlobalMem,G1-bandwidth,1444.249,0.033,0.887,0.079,1.1,ok
hb_atomicPerf,BlockRangeAtomicOnGlobalMem,G3-l2-reuse,437.478,0.207,-0.002,0.795,6.7,ok
hb_atomicReduction,atomic_reduction,G1-bandwidth,507.404,0.077,0.861,0.062,2.4,ok
hb_atomicSystemWide,atomicKernel,G3-l2-reuse,1126.345,0.285,0.024,0.691,8.2,ok
hb_attention,attention_kernel1,G2-coalescing,7865.762,0.031,-0.099,1.069,2.1,nonphysical
hb_attention,attention_kernel3,G1-bandwidth,3658.914,0.317,0.32,0.363,0.7,ok
hb_attention,attention_kernel2,G1-bandwidth,3.512,0.452,0.266,0.282,1.7,ok
hb_attention_paged,paged_attention_v1_kernel,G1-bandwidth,187.141,0.361,0.696,-0.057,5.1,nonphysical
hb_attention_paged,uniform_fill_kernel,G1-bandwidth,0.677,0.662,0.316,0.022,4.7,ok
hb_attention_paged,norm_fill_kernel,G7-dependency,0.004,0.586,0.113,0.302,1.4,ok
hb_attentionMergeState,merge_attn_states_kernel,G1-bandwidth,387.37,0.089,0.839,0.072,1.4,ok
hb_attentionMergeState,uniform_fill_kernel,G3-l2-reuse,0.34,0.791,0.157,0.052,2.8,ok
hb_attentionMultiHead,mha,G0-nosignal,878.029,0.875,-0.0,0.125,0.6,ok
hb_axpby,multi_tensor_apply_kernel,G1-bandwidth,432.547,0.161,0.768,0.071,1.8,ok
hb_babelstream,nstream_kernel,G1-bandwidth,773.067,0.004,0.901,0.095,0.1,ok
hb_babelstream,add_kernel,G1-bandwidth,589.727,0.007,0.903,0.089,0.4,ok
hb_babelstream,triad_kernel,G1-bandwidth,588.633,0.006,0.899,0.095,0.3,ok
hb_babelstream,mul_kernel,G1-bandwidth,397.401,0.026,0.885,0.089,0.7,ok
hb_babelstream,copy_kernel,G1-bandwidth,391.909,0.029,0.882,0.09,0.8,ok
hb_babelstream,dot_kernel,G1-bandwidth,399.05,0.004,0.905,0.09,0.1,ok
hb_babelstream,init_kernel,G1-bandwidth,5.63,0.123,1.019,-0.142,4.7,nonphysical
hb_background_subtract,updateThreshold,G5-compute,65.581,0.998,-0.0,0.003,0.1,ok
hb_background_subtract,updateBackground,G5-compute,65.385,0.997,-0.0,0.003,0.0,ok
hb_background_subtract,findMovingPixels,G1-bandwidth,30.463,0.434,0.368,0.198,1.6,ok
hb_backprop,kernel_layerforward,G1-bandwidth,0.058,0.96,0.006,0.034,0.2,ok
hb_backprop,kernel_adjust_weights,G1-bandwidth,0.031,0.885,0.008,0.108,0.1,ok
hb_base64e,base64_enc,G3-l2-reuse,1195.023,0.817,-0.002,0.184,2.5,ok
hb_bezier_surface,BezierGPU,G5-compute,119.155,1.0,0.0,-0.0,0.0,ok
hb_bgmv,bgmv_shrink_kernel,G4-latency,4.828,0.71,0.002,0.288,1.9,ok
hb_bh,ForceCalculationKernel,G3-l2-reuse,4277.46,0.838,0.001,0.16,1.1,ok
hb_bh,TreeBuildingKernel,G3-l2-reuse,14.23,0.563,0.004,0.433,1.9,ok
hb_bh,SummarizationKernel,G3-l2-reuse,12.289,0.791,0.004,0.205,0.8,ok
hb_bh,SortKernel,G3-l2-reuse,6.553,0.917,-0.008,0.091,0.8,ok
hb_bh,IntegrationKernel,G1-bandwidth,1.191,0.883,0.002,0.114,0.8,ok
hb_bh,BoundingBoxKernel,G1-bandwidth,0.878,0.789,-0.001,0.212,0.9,ok
hb_bh,ClearKernel1,G3-l2-reuse,0.927,0.897,0.002,0.1,0.5,ok
hb_bh,ClearKernel2,G3-l2-reuse,0.411,0.881,-0.002,0.121,0.8,ok
hb_bh,InitializationKernel,G7-dependency,0.002,0.529,0.098,0.373,2.1,ok
hb_bincount,bincount,G3-l2-reuse,2115.803,0.501,0.005,0.493,2.3,ok
hb_binomial,binomialOptionsKernel,G5-compute,2546.454,0.999,-0.0,0.001,0.0,ok
hb_bitonic_sort,bitonic_sort,G1-bandwidth,326.963,0.492,0.671,-0.163,10.7,nonphysical
hb_bitpacking,bitPackKernel,G3-l2-reuse,7088.361,0.944,0.038,0.018,0.3,ok
hb_bitpacking,bitPackConfigScanKernel,G7-dependency,2019.025,0.126,0.861,0.013,3.9,ok
hb_bitpacking,bitPackConfigFinalizeKernel,G7-dependency,17.505,0.698,0.05,0.252,1.5,ok
hb_bitpermute,bit_rev_permutation,G3-l2-reuse,0.271,0.825,-0.0,0.175,1.3,ok
hb_black_scholes,getOutValOption,G1-bandwidth,964.496,0.208,0.902,-0.111,9.5,nonphysical
hb_blas_fp8gemm,sm89_xmma_gemm_e4m3e4m3_e4m3f32_f32_tn_n_tilesize128x128x64_stage3_warpsize2x2x1_tensor16x8x32_execute_kernel__5x_cublas,G5-compute,6527.325,0.999,0.0,0.0,0.0,ok
hb_blas_gemm,cutlass::Kernel2,G7-dependency,42.822,0.975,-0.001,0.026,0.1,ok
hb_blas_gemm,cublasLt::splitKreduce_kernel,G1-bandwidth,4.653,0.71,0.0,0.29,1.8,ok
hb_blas_gemm,matrix_mul,G3-l2-reuse,0.031,0.855,0.005,0.14,0.1,ok
hb_blockAccess,reference,G1-bandwidth,163.936,0.004,0.897,0.099,0.1,ok
hb_blockexchange,k,G1-bandwidth,308.85,0.128,0.754,0.118,0.2,ok
hb_bm3d,block_matching,G3-l2-reuse,2504.1,0.999,0.001,0.0,0.0,ok
hb_bm3d,aggregate_block,G3-l2-reuse,1453.178,0.723,0.047,0.23,4.1,ok
hb_bm3d,DCT2D8x8,G1-bandwidth,1573.488,0.382,0.892,-0.274,17.1,nonphysical
hb_bm3d,IDCT2D8x8,G1-bandwidth,1548.745,0.403,0.93,-0.333,19.0,nonphysical
hb_bm3d,hard_treshold_block,G1-bandwidth,1292.804,0.982,0.26,-0.242,6.2,nonphysical
hb_bm3d,get_block,G1-bandwidth,478.395,0.081,0.796,0.123,1.3,ok
hb_bonds,bonds,G3-l2-reuse,10843.796,0.931,0.001,0.068,0.3,ok
hb_boxfilter,col_kernel,G4-latency,5291.459,0.779,0.0,0.221,1.5,ok
hb_boxfilter,row_kernel,G5-compute,5037.715,0.999,-0.0,0.001,0.0,ok
hb_bsearch,kernel_BS,G3-l2-reuse,1571.82,0.917,-0.019,0.103,0.3,ok
hb_bspline_vgh,bspline,G2-coalescing,84.324,0.795,0.007,0.197,1.0,ok
hb_burger,core,G5-compute,6157.26,1.0,0.0,0.0,0.0,ok
hb_burger,update,G1-bandwidth,1037.402,0.009,0.894,0.097,0.4,ok
hb_burger,bound_v,G3-l2-reuse,0.891,0.2,0.45,0.351,4.2,ok
hb_burger,bound_h,G7-dependency,0.21,0.567,0.159,0.274,1.4,ok
hb_bwt,bitonic_sort_step,G1-bandwidth,559.101,0.648,0.099,0.253,3.9,ok
hb_bwt,generate_table,G1-bandwidth,0.298,0.951,0.566,-0.517,14.0,nonphysical
hb_car,car,G1-bandwidth,7130.535,0.002,0.903,0.096,0.1,ok
hb_cbsfil,toCoef2DX,G3-l2-reuse,2397.97,0.474,0.164,0.362,7.6,ok
hb_cbsfil,toCoef2DY,G1-bandwidth,789.086,0.211,0.454,0.335,0.0,ok
hb_ccsd_trpdrv,ccsd_kernel,G5-compute,33.504,0.995,0.0,0.005,0.0,ok
hb_chacha20,test_keystreams,G7-dependency,2514.313,0.957,-0.0,0.043,0.3,ok
hb_chemv,chemv_kernel1,G4-latency,669.697,0.767,0.0,0.233,1.5,ok
hb_chemv,chemv_kernel0,G4-latency,69.82,0.697,0.012,0.291,1.3,ok
hb_clenergy,cenergy,G5-compute,1282.483,0.999,-0.0,0.001,0.0,ok
hb_clock,timedReduction,G3-l2-reuse,0.094,0.954,0.003,0.043,0.2,ok
hb_cmembench,benchmark_constant,G6-onchip,244.205,0.814,-0.0,0.186,1.0,ok
hb_cobahh,cobahh,G1-bandwidth,2.531,0.037,0.759,0.204,0.4,ok
hb_collision,checkDuplicates,G3-l2-reuse,65.56,0.71,-0.0,0.29,1.9,ok
hb_colorwheel,color,G1-bandwidth,4914.866,0.073,0.83,0.097,1.2,ok
hb_compute_score,compute,G1-bandwidth,5392.717,0.809,0.047,0.144,0.6,ok
hb_compute_score,reduction,G1-bandwidth,44.933,0.032,0.846,0.122,0.4,ok
hb_concurrentKernels,clock_block,G7-dependency,1998.511,1.0,-0.0,0.0,0.0,ok
hb_concurrentKernels,sum,G3-l2-reuse,0.002,0.585,0.077,0.338,3.0,ok
hb_contract,contraction,G5-compute,22250.0,1.003,0.002,-0.005,0.5,ok
hb_conversion,cvt,G1-bandwidth,2567.274,0.264,0.672,0.064,3.4,ok
hb_convolution3D,conv3d_s1,G3-l2-reuse,21.522,0.951,0.001,0.048,0.2,ok
hb_convolutionSeparable,conv_rows,G1-bandwidth,2781.021,0.95,0.697,-0.647,17.6,nonphysical
hb_convolutionSeparable,conv_cols,G1-bandwidth,2632.373,0.424,0.899,-0.324,19.2,nonphysical
hb_coordinates,transform::transform_kernel,G5-compute,8364.921,1.0,0.0,0.0,0.0,ok
hb_coordinates,for_each::static_kernel,G1-bandwidth,1.001,0.06,0.856,0.084,0.6,ok
hb_crc64,crc64_kernel,G2-coalescing,8.101,0.45,-0.021,0.571,3.7,nonphysical
hb_cross,cross_kernel,G1-bandwidth,521.437,0.005,0.9,0.096,0.2,ok
hb_crossEntropy,loss_bwd,G1-bandwidth,3636.756,0.827,0.14,0.032,0.1,ok
hb_crs,gcrs_m_1_w_4_coding_dotprod,G1-bandwidth,0.419,0.491,0.421,0.088,1.9,ok
hb_crs,gcrs_m_1_w_5_coding_dotprod,G1-bandwidth,0.48,0.618,0.375,0.008,4.1,ok
hb_damage,damage_of_node,G1-bandwidth,3491.272,0.761,0.099,0.139,0.2,ok
hb_dct8x8,DCT8x8_kernel,G1-bandwidth,262.159,0.003,0.897,0.1,0.1,ok
hb_ddbp,img_integration_kernel,G3-l2-reuse,7.582,0.163,0.205,0.632,0.4,ok
hb_ddbp,pad_projections_kernel,G7-dependency,0.026,0.572,0.009,0.418,2.2,ok
hb_ddbp,map_boudaries_kernel,G6-onchip,0.008,0.552,-0.03,0.478,3.9,nonphysical
hb_debayer,malvar_he_cutler_demosaic,G3-l2-reuse,386.464,0.909,0.147,-0.056,3.2,nonphysical
hb_depixel,eliminate_crosses,G7-dependency,9635.031,0.995,0.004,0.001,0.2,ok
hb_depixel,check_connect,G5-compute,5.366,0.98,0.082,-0.062,2.2,nonphysical
hb_determinant,xxtrf4_set_info_ker,G7-dependency,1.224,0.662,-0.001,0.338,2.3,ok
hb_dispatch,EmptyKernel,G7-dependency,1112.887,0.65,-0.0,0.35,2.5,ok
hb_distort,barrel_distort,G3-l2-reuse,73.838,0.967,-0.0,0.033,0.2,ok
hb_divergence,div_kernel,G7-dependency,46.493,0.701,-0.0,0.299,2.0,ok
hb_doh,hessian_matrix_det,G3-l2-reuse,2.887,0.977,-0.001,0.024,0.0,ok
hb_dpid,kernelDownsampling,G1-bandwidth,214.583,0.914,0.05,0.035,0.9,ok
hb_dpid,kernelGuidance,G1-bandwidth,149.69,0.84,0.154,0.005,3.9,ok
hb_dropout,fused_dropout_kernel,G1-bandwidth,749.917,0.02,0.884,0.096,0.6,ok
hb_dslash,dslash,G1-bandwidth,383.052,0.362,0.673,-0.035,17.1,holdout-fail
hb_dslash,make_back,G3-l2-reuse,8.834,0.993,0.008,-0.001,0.1,ok
hb_dxtc2,compress,G5-compute,226.992,1.0,0.0,0.0,0.0,ok
hb_easyWave,kernel4,G3-l2-reuse,484.164,0.655,0.042,0.303,1.9,ok
hb_easyWave,kernel3,G2-coalescing,115.77,0.327,0.523,0.151,3.6,ok
hb_easyWave,kernel,G2-coalescing,90.761,0.233,0.641,0.126,2.4,ok
hb_easyWave,kernel2,G7-dependency,2.17,0.66,0.049,0.291,1.8,ok
hb_ecdh,k_slow,G5-compute,6096.477,1.0,-0.0,0.0,0.0,ok
hb_eigenvalue,recalculateEigenIntervals,G3-l2-reuse,4338.779,0.923,-0.0,0.077,0.5,ok
hb_eigenvalue,calNumEigenValueInterval,G3-l2-reuse,3343.851,0.913,-0.0,0.087,0.5,ok
hb_eikonal,run_solver,G5-compute,901.782,0.999,0.001,-0.0,0.0,ok
hb_eikonal,run_check_neighbor,G6-onchip,208.877,0.99,0.009,0.001,0.2,ok
hb_eikonal,run_reduction,G4-latency,25.842,0.973,0.015,0.012,3.1,ok
hb_entropy,entropy,G3-l2-reuse,6516.129,0.783,-0.003,0.219,2.9,ok
hb_extend2,kernel_extend2,G3-l2-reuse,1642.278,0.913,-0.0,0.087,0.5,ok
hb_extrema,relextrema_1D,G1-bandwidth,1264.892,0.997,0.0,0.003,0.0,ok
hb_f16atomic,f16AtomicOnGlobalMem,G3-l2-reuse,1.709,0.302,-0.003,0.701,6.1,ok
hb_f16max,hmax,G1-bandwidth,6335.876,0.065,0.867,0.068,1.9,ok
hb_f8cast,ref_fp32_cvt_e4m3,G1-bandwidth,919.565,0.415,0.684,-0.099,9.1,nonphysical
hb_f8cast,fp32_cvt_e4m3,G1-bandwidth,892.175,0.337,0.763,-0.1,9.4,nonphysical
hb_fdtd3d,finite_difference,G3-l2-reuse,46.935,0.568,0.371,0.061,7.0,ok
hb_fft,ifft1D_512,G5-compute,2546.428,0.999,0.0,0.0,0.0,ok
hb_fft,fft1D_512,G5-compute,2489.279,0.999,0.0,0.0,0.0,ok
hb_fhd,cmpfhd,G5-compute,3591.768,0.977,-0.001,0.024,0.2,ok
hb_filter,filter,G1-bandwidth,369.353,0.565,0.427,0.008,4.9,ok
hb_flame,kernel_generate_points,G5-compute,345.518,0.907,0.032,0.061,0.2,ok
hb_flame,kernel_iterate,G3-l2-reuse,197.02,0.901,0.004,0.096,0.3,ok
hb_flame,kernel_initialize,G3-l2-reuse,7.808,0.869,-0.001,0.132,0.6,ok
hb_floydwarshall,floydWarshallPass,G1-bandwidth,1842.503,0.801,0.003,0.197,1.0,ok
hb_fluidSim,lbm,G5-compute,1798.698,0.989,-0.0,0.011,0.1,ok
hb_fma,implicit_fma_kernel,G1-bandwidth,3940.963,0.259,0.654,0.088,1.5,ok
hb_fma,implicit_fma_kernel_rowwise,G3-l2-reuse,14058.202,0.571,0.083,0.346,1.6,ok
hb_fpc,fpc_kernel,G1-bandwidth,16.245,0.321,0.896,-0.216,14.0,nonphysical
hb_fpdc,CompressionKernel,G4-latency,1000.097,0.661,0.198,0.141,0.7,ok
hb_fresnel,kernel,G5-compute,19172.633,1.0,0.0,0.0,0.0,ok
hb_fsm,FSMKernel,G1-bandwidth,15616.899,0.058,0.674,0.269,1.7,ok
hb_fsm,MaxKernel,G3-l2-reuse,0.022,0.522,0.129,0.349,1.0,ok
hb_fwt,fwtBatch2Kernel,G1-bandwidth,549.566,0.006,0.889,0.105,0.2,ok
hb_fwt,fwtBatch1Kernel,G1-bandwidth,114.192,0.62,0.703,-0.323,14.3,nonphysical
hb_fwt,modulateKernel,G1-bandwidth,49.049,0.002,0.892,0.106,0.1,ok
hb_ga,ga,G7-dependency,294.9,1.002,-0.0,-0.002,0.3,ok
hb_gamma_correction,gamma_correction,G1-bandwidth,127.212,0.193,0.805,0.001,4.6,ok
hb_gaussian,fan2,G1-bandwidth,1311.792,0.462,0.469,0.069,3.1,ok
hb_gaussian,fan1,G2-coalescing,9.618,0.532,0.089,0.379,1.1,ok
hb_gc,runSmall,G3-l2-reuse,6.6,0.919,0.002,0.079,0.5,ok
hb_gc,init,G3-l2-reuse,3.38,0.798,0.002,0.199,0.7,ok
hb_gc,runLarge,G3-l2-reuse,2.71,0.867,-0.011,0.143,0.5,ok
hb_geam,transpose_readWrite_alignment_kernel,G1-bandwidth,6476.934,0.014,0.883,0.104,0.6,ok
hb_geglu,geglu_kernel,G1-bandwidth,13406.897,0.008,0.9,0.091,0.4,ok
hb_gels,geqrSolve_batch_kernel,G7-dependency,107.099,0.94,0.002,0.058,0.3,ok
hb_gels,trsm_batch_left_upper_kernel_small,G3-l2-reuse,20.395,0.878,0.001,0.121,0.8,ok
hb_gemv,gemv_quantized_int8,G1-bandwidth,140.762,0.582,0.586,-0.168,10.0,nonphysical
hb_graphExecution,reduce,G5-compute,1361.224,0.985,0.006,0.009,0.1,ok
hb_graphExecution,reduceFinal,G2-coalescing,2.422,0.7,0.068,0.232,1.4,ok
hb_groupnorm,groupnorm_forward_kernel,G1-bandwidth,1.747,0.959,0.0,0.041,0.1,ok
hb_groupnorm,groupnorm_backward_kernel,G1-bandwidth,2.811,0.974,-0.001,0.026,0.1,ok
hb_groupnorm,groupnorm_forward_kernel2,G1-bandwidth,1.736,0.962,-0.0,0.038,0.1,ok
hb_gru,gru_cell_forward,G1-bandwidth,1328.15,0.002,0.897,0.101,0.1,ok
hb_haccmk,haccmk_kernel,G7-dependency,2348.41,0.953,0.0,0.047,0.3,ok
hb_hadamard,fast_hadamard_transform_kernel,G3-l2-reuse,436.278,0.587,0.564,-0.151,8.3,nonphysical
hb_hausdorff,computeDistance,G3-l2-reuse,4555.645,0.986,0.0,0.014,0.0,ok
hb_heat,solve,G1-bandwidth,1424.357,0.99,0.622,-0.612,15.5,nonphysical
hb_heat,initial_value,G5-compute,15.363,1.0,0.002,-0.001,0.0,ok
hb_heat,zero,G1-bandwidth,0.605,0.03,0.898,0.073,1.3,ok
hb_heat2d,dev_lapl_iter,G1-bandwidth,713.558,0.737,0.702,-0.439,18.4,nonphysical
hb_hellinger,hellinger,G3-l2-reuse,2280.957,0.816,0.003,0.181,1.0,ok
hb_hexciton,comm_empty,G7-dependency,0.906,0.6,0.001,0.399,2.8,ok
hb_histogram,histogram_smem_atomics,G1-bandwidth,22.379,0.204,0.65,0.146,0.5,ok
hb_histogram,histogram_smem_accum,G4-latency,4.11,0.687,0.007,0.305,1.9,ok
hb_hmm,viterbi,G2-coalescing,168.264,0.989,0.0,0.01,0.0,ok
hb_hungarian,step_4,G3-l2-reuse,45.577,0.584,-0.028,0.444,6.8,nonphysical
hb_hungarian,compress_matrix,G1-bandwidth,110.81,0.034,0.033,0.933,2.2,ok
hb_hungarian,step_5b,G4-latency,1.411,0.61,-0.018,0.407,7.1,ok
hb_hungarian,step_5a,G4-latency,1.402,0.619,-0.005,0.386,7.0,ok
hb_hungarian,step_6_add_sub,G1-bandwidth,2.808,0.386,-0.015,0.629,0.2,ok
hb_hungarian,step_1_col_sub,G1-bandwidth,0.3,0.46,-0.04,0.58,1.2,nonphysical
hb_hungarian,step_3,G3-l2-reuse,7.139,0.06,-0.014,0.953,2.6,ok
hb_hungarian,calc_min_in_rows,G1-bandwidth,0.163,0.965,0.012,0.023,0.2,ok
hb_hungarian,calc_min_in_cols,G1-bandwidth,0.085,0.87,-0.003,0.133,0.2,ok
hb_hungarian,step_1_row_sub,G1-bandwidth,0.171,0.766,0.003,0.231,0.8,ok
hb_hungarian,step_3ini,G7-dependency,3.043,0.221,-0.195,0.973,0.5,nonphysical
hb_hungarian,step_2,G2-coalescing,0.196,0.575,0.021,0.404,2.7,ok
hb_hungarian,step_4_init,G6-onchip,0.411,0.607,-0.003,0.396,4.6,ok
hb_hungarian,min_reduce_kernel1,G1-bandwidth,0.84,0.865,0.005,0.13,0.0,ok
hb_hungarian,min_reduce_kernel2,G3-l2-reuse,0.129,0.699,0.006,0.295,1.9,ok
hb_hungarian,init,G7-dependency,0.014,0.628,0.051,0.321,1.4,ok
hb_hwt1d,dwtHaar1D,G1-bandwidth,31.306,0.635,0.479,-0.113,7.5,nonphysical
hb_hypterm,hypterm_1,G5-compute,3827.852,0.999,0.001,0.0,0.0,ok
hb_hypterm,hypterm_2,G1-bandwidth,3590.83,0.996,0.043,-0.04,1.1,ok
hb_hypterm,hypterm_3,G1-bandwidth,3587.904,0.996,0.289,-0.285,7.2,nonphysical
hb_idivide,check,G5-compute,4067.478,0.947,0.0,0.052,0.0,ok
hb_interleave,add_kernel_non_interleaved,G3-l2-reuse,262.308,0.999,-0.0,0.001,0.0,ok
hb_intrinsics_cast,cast1_intrinsics,G5-compute,36.121,1.0,0.0,-0.001,0.1,ok
hb_intrinsics_simd,simd_intrinsics,G5-compute,18.616,0.981,0.0,0.018,0.1,ok
hb_inversek2j,invkin_kernel,G2-coalescing,363.852,0.831,-0.001,0.17,0.2,ok
hb_is,create_seq_gpu_kernel,G5-compute,0.969,1.005,0.007,-0.012,0.4,ok
hb_is,rank_gpu_kernel_3,G3-l2-reuse,0.255,0.346,0.003,0.651,3.8,ok
hb_is,rank_gpu_kernel_1,G3-l2-reuse,0.054,0.648,0.01,0.341,2.2,ok
hb_is,rank_gpu_kernel_4,G4-latency,0.052,0.785,0.002,0.213,1.6,ok
hb_is,rank_gpu_kernel_5,G4-latency,0.049,0.768,0.008,0.224,1.2,ok
hb_is,rank_gpu_kernel_7,G3-l2-reuse,0.04,0.672,0.0,0.328,2.3,ok
hb_is,rank_gpu_kernel_6,G4-latency,0.035,0.668,-0.0,0.332,2.4,ok
hb_is,rank_gpu_kernel_2,G6-onchip,0.027,0.635,0.003,0.362,2.2,ok
hb_ising,update_lattice,G1-bandwidth,983.857,0.879,0.293,-0.172,7.1,nonphysical
hb_ising,init_spins,G1-bandwidth,0.65,0.37,0.722,-0.092,9.5,nonphysical
hb_iso2dfd,iso_2dfd_kernel,G1-bandwidth,324.466,0.006,0.896,0.098,0.1,ok
hb_jacobi,jacobi_step,G1-bandwidth,1284.819,0.793,0.386,-0.179,8.8,nonphysical
hb_jenkins_hash,jk3_hash_kernel,G1-bandwidth,510.202,0.026,0.901,0.073,1.2,ok
hb_kalman,kalman,G3-l2-reuse,9945.705,1.001,0.0,-0.001,0.0,ok
hb_keccaktreehash,ker_Keccak,G5-compute,54.336,0.882,-0.016,0.134,1.3,ok
hb_keogh,lb_keogh,G1-bandwidth,3374.529,1.0,0.0,0.0,0.0,ok
hb_kernelLaunch,KernelWithSmallArgs,G7-dependency,2537.931,0.674,-0.0,0.326,2.7,ok
hb_knn,cuComputeDistanceGlobal,G6-onchip,562.954,0.989,-0.0,0.011,0.1,ok
hb_knn,cuInsertionSort,G3-l2-reuse,401.193,0.936,0.1,-0.037,6.8,ok
hb_knn,cuParallelSqrt,G1-bandwidth,0.395,0.625,0.076,0.299,1.3,ok
hb_langford,dfs_gpu,G1-bandwidth,367.919,1.165,0.118,-0.283,1.1,nonphysical
hb_laplace3d,laplace3d,G1-bandwidth,9.53,0.862,-0.001,0.139,1.2,ok
hb_lavaMD,md,G5-compute,60.649,1.0,-0.0,0.0,0.0,ok
